"","baseMean","log2FoldChange","lfcSE","stat","pvalue","padj","gene_biotype","external_gene_name"
"ENSG00000210100",1449.66913438677,-0.754256578032471,0.158860189502484,-4.74792696895704,2.05512212433661e-06,0.0396535813890749,"Mt_tRNA","MT-TI"
